rho,psi_convergence_val
0.01,11.83338572470649
0.05,7.699419138483935
0.1,4.445700310710223
0.3,0.10075956113559958
0.5,0.0028628370005718213
